net,length_um
clk,58.82µm
clknet_0_clk,18.38µm
clknet_1_1__leaf_clk,17.56µm
net4,14.62µm
spi_sclk,14.16µm
net27,13.48µm
net53,13.48µm
net12,13.48µm
net69,13.06µm
clknet_1_0__leaf_clk,11.82µm
net11,11.46µm
i2c_scl,10.54µm
net22,10.54µm
net5,10.54µm
net36,10.54µm
net7,10.54µm
net64,10.54µm
net73,10.08µm
net75,10.08µm
net78,10.08µm
net15,10.08µm
net19,10.08µm
net23,10.08µm
net26,10.08µm
net28,10.08µm
net30,10.08µm
net32,10.08µm
net33,10.08µm
net6,10.08µm
net40,10.08µm
net43,10.08µm
net44,10.08µm
net45,10.08µm
net50,10.08µm
net51,10.08µm
net57,10.08µm
net62,10.08µm
net63,10.08µm
net10,10.08µm
net74,8.72µm
net35,8.72µm
net38,8.72µm
net52,8.72µm
net54,8.72µm
net55,8.72µm
net68,8.72µm
net42,6.77µm
net72,6.43µm
net20,6.43µm
net70,6.31µm
net37,6.09µm
net61,5.97µm
net76,5.75µm
net14,5.75µm
net31,5.75µm
net39,5.75µm
net65,5.75µm
net2,5.74µm
net80,5.63µm
net18,5.29µm
net24,5.29µm
net79,5.29µm
net29,5.07µm
net34,5.07µm
net46,5.07µm
net48,5.07µm
net8,5.07µm
net9,5.07µm
net71,4.61µm
net77,4.61µm
net17,4.61µm
net21,4.61µm
net49,4.61µm
net60,4.61µm
net67,4.61µm
net3,4.61µm
net16,4.39µm
net25,4.39µm
net41,4.39µm
net47,4.39µm
net56,4.39µm
net58,4.39µm
net59,4.39µm
net66,4.39µm
net13,4.39µm
net1,3.54µm
